patient_id,gene1,gene2,gene3
1,0.3745401188473625,0.6420316461542878,0.10312386883593261
2,0.9507143064099162,0.08413996499504883,0.9025529066795667
3,0.7319939418114051,0.16162871409461377,0.5052523724478571
4,0.5986584841970366,0.8985541885270792,0.8264574661077416
5,0.15601864044243652,0.6064290596595899,0.32004960103061175
6,0.15599452033620265,0.009197051616629648,0.8955232284962005
7,0.05808361216819946,0.1014715428660321,0.3892016787341631
8,0.8661761457749352,0.6635017691080558,0.01083765148029836
9,0.6011150117432088,0.005061583846218687,0.9053819764192637
10,0.7080725777960455,0.16080805141749865,0.09128667678613356
11,0.020584494295802447,0.5487337893665861,0.31931363759041487
12,0.9699098521619943,0.6918951976926933,0.9500619670508049
13,0.8324426408004217,0.6519612595026005,0.9506071469375561
14,0.21233911067827616,0.22426930946055978,0.5734378881232861
15,0.18182496720710062,0.7121792213475359,0.6318372121697993
16,0.18340450985343382,0.23724908749680007,0.44844552197831977
17,0.3042422429595377,0.3253996981592677,0.29321077169806453
18,0.5247564316322378,0.7464914051180241,0.32866454536991596
19,0.43194501864211576,0.6496328990472147,0.6725184560770384
20,0.2912291401980419,0.8492234104941779,0.75237452943768
21,0.6118528947223795,0.6576128923003434,0.7915790437258485
22,0.13949386065204183,0.5683086033354716,0.7896181427945539
23,0.29214464853521815,0.09367476782809248,0.09120610304869037
24,0.3663618432936917,0.3677158030594335,0.49442030470258147
25,0.45606998421703593,0.26520236768172545,0.057558760016644284
26,0.7851759613930136,0.24398964337908358,0.5495288823237355
27,0.19967378215835974,0.9730105547524456,0.441530501373377
28,0.5142344384136116,0.3930977246667604,0.8877041827582998
29,0.5924145688620425,0.8920465551771133,0.3509150125520787
30,0.046450412719997725,0.6311386259972629,0.11706701642760586
31,0.6075448519014384,0.7948113035416484,0.14299168205283586
32,0.17052412368729153,0.5026370931051921,0.7615106317174722
33,0.06505159298527952,0.5769038846263591,0.6182180633162611
34,0.9488855372533332,0.4925176938188639,0.10112267612279024
35,0.9656320330745594,0.1952429877980445,0.08410680611499743
36,0.8083973481164611,0.7224521152615053,0.70096913145912
37,0.3046137691733707,0.2807723624408558,0.07276300636419353
38,0.09767211400638387,0.02431596643145384,0.8218600592903562
39,0.6842330265121569,0.6454722959071678,0.7062422271564962
40,0.4401524937396013,0.17711067940704894,0.08134878064189976
41,0.12203823484477883,0.9404585843529143,0.08483771408519192
42,0.4951769101112702,0.9539285770025874,0.9866395785011755
43,0.034388521115218396,0.9148643902204485,0.3742707957561203
44,0.9093204020787821,0.3701587002554444,0.3706421470668909
45,0.2587799816000169,0.015456616528867428,0.8127995672575026
46,0.662522284353982,0.9283185625877254,0.9472485773838587
47,0.31171107608941095,0.42818414831731433,0.9860010638228709
48,0.5200680211778108,0.9666548190436696,0.7533781852589416
49,0.5467102793432796,0.9636199770892528,0.37625958553091576
50,0.18485445552552704,0.8530094554673601,0.08350071669866876
51,0.9695846277645586,0.2944488920695857,0.7771469159274368
52,0.7751328233611146,0.38509772860192526,0.558404249735805
53,0.9394989415641891,0.8511366715168569,0.4242220092469763
54,0.8948273504276488,0.31692200515627766,0.906354385094736
55,0.5978999788110851,0.1694927466860925,0.11119748230615134
56,0.9218742350231168,0.5568012624583502,0.49262510429085915
57,0.0884925020519195,0.936154774160781,0.011353644767419069
58,0.1959828624191452,0.696029796674973,0.46866064199412627
59,0.045227288910538066,0.570061170089365,0.05630327568183735
60,0.32533033076326434,0.09717649377076854,0.11881791626807192
61,0.388677289689482,0.6150072266991697,0.11752624677710488
62,0.2713490317738959,0.9900538501042633,0.6492103021160636
63,0.8287375091519293,0.14008401523652403,0.7460448792654233
64,0.3567533266935893,0.5183296523637367,0.5833687650971596
65,0.28093450968738076,0.8773730719279554,0.9621725484745419
66,0.5426960831582485,0.7407686177542044,0.37487057952370406
67,0.14092422497476265,0.697015740995268,0.28571208628186073
68,0.8021969807540397,0.7024840839871093,0.8685991281894603
69,0.07455064367977082,0.35949115121975517,0.22359583851945264
70,0.9868869366005173,0.29359184426449336,0.9632225394406113
71,0.7722447692966574,0.8093611554785136,0.012154474689816341
72,0.1987156815341724,0.8101133946791808,0.969878826707639
73,0.005522117123602399,0.8670723185801037,0.04315991195057611
74,0.8154614284548342,0.9132405525564713,0.8911431136980711
75,0.7068573438476171,0.5113423988609378,0.5277011090862999
76,0.7290071680409873,0.5015162946871996,0.9929647961193003
77,0.7712703466859457,0.7982951789667752,0.07379656473539886
78,0.07404465173409036,0.6499639307777652,0.5538542844013208
79,0.3584657285442726,0.7019668772577033,0.969302535619099
80,0.11586905952512971,0.795792669436101,0.5230978441701488
81,0.8631034258755935,0.8900053418175663,0.6293986381352625
82,0.6232981268275579,0.3379951568515358,0.6957486889846172
83,0.3308980248526492,0.375582952639944,0.45454106476777323
84,0.06355835028602363,0.093981939840869,0.6275580800840634
85,0.3109823217156622,0.578280140996174,0.5843143119231002
86,0.32518332202674705,0.035942273796742086,0.901158010490989
87,0.7296061783380641,0.46559801813246016,0.04544638034145787
88,0.6375574713552131,0.5426446347075766,0.2809631895922303
89,0.8872127425763265,0.2865412521282844,0.9504114840765587
90,0.4722149251619493,0.5908332605690108,0.8902637838909163
91,0.1195942459383017,0.03050024993904943,0.45565675278571294
92,0.713244787222995,0.03734818874921442,0.6201325978015367
93,0.7607850486168974,0.8226005606596583,0.2773811829811327
94,0.5612771975694962,0.3601906414112629,0.1881211597237613
95,0.770967179954561,0.12706051265188478,0.46369840493998216
96,0.49379559636439074,0.5222432600548044,0.3533522280260528
97,0.5227328293819941,0.7699935530986108,0.5836561118508721
98,0.42754101835854963,0.21582102749684318,0.07773463696498484
99,0.02541912674409519,0.6228904758190003,0.9743948076661665
100,0.10789142699330445,0.085347464993768,0.9862107444796029
101,0.03142918568673425,0.0516817211686077,0.6981617140197451
102,0.6364104112637804,0.531354631568148,0.5360963663441204
103,0.3143559810763267,0.5406351216101065,0.30952761628632774
104,0.5085706911647028,0.6374299014982066,0.8137950197069487
105,0.907566473926093,0.7260913337226615,0.6847311725538793
106,0.24929222914887494,0.9758520794625346,0.1626169393448913
107,0.41038292303562973,0.5163003483011953,0.9109271844938425
108,0.7555511385430487,0.32295647294124596,0.822537242923169
109,0.22879816549162246,0.7951861947687037,0.949799913291924
110,0.07697990982879299,0.2708322512620742,0.72571950838836
111,0.289751452913768,0.4389714207056361,0.6134151959357899
112,0.16122128725400442,0.07845638134226596,0.4182430362906189
113,0.9296976523425731,0.02535074341545751,0.9327284833540133
114,0.808120379564417,0.9626484146779251,0.8660638895004084
115,0.6334037565104235,0.8359801205122058,0.04521867010618941
116,0.8714605901877177,0.695974206093698,0.026366974497252005
117,0.8036720768991145,0.4089529444142699,0.3764633668780496
118,0.18657005888603584,0.17329432007084578,0.8105533307818329
119,0.8925589984899778,0.15643704267108605,0.9872761293149445
120,0.5393422419156507,0.25024289816459533,0.15041689110352818
121,0.8074401551640625,0.5492266647061205,0.5941307153521351
122,0.8960912999234932,0.7145959227000623,0.3808908566310215
123,0.3180034749718639,0.6601973767177313,0.9699143978146032
124,0.11005192452767676,0.27993389694594284,0.8421189231357087
125,0.22793516254194168,0.9548652806631941,0.8383287047111379
126,0.4271077886262563,0.7378969166957685,0.4686931597949703
127,0.8180147659224931,0.5543540525114007,0.4148195023376652
128,0.8607305832563434,0.6117207462343522,0.27340707193070624
129,0.006952130531190703,0.4196000624277899,0.056375496650927115
130,0.5107473025775657,0.24773098950115746,0.8647223762550532
131,0.417411003148779,0.3559726786512616,0.8129010091300776
132,0.22210781047073025,0.7578461104643691,0.9997176732861306
133,0.1198653673336828,0.014393488629755868,0.9966368370739054
134,0.33761517140362796,0.11607264050691624,0.5554317056026274
135,0.9429097039125192,0.04600264202175275,0.7689874151805105
136,0.32320293202075523,0.040728802318970136,0.944765729882428
137,0.5187906217433661,0.8554605840110072,0.8496473906774115
138,0.7030189588951778,0.7036578593800237,0.24734810174319766
139,0.363629602379294,0.4741738290873252,0.4505441353100935
140,0.9717820827209607,0.09783416065100148,0.12915941515149498
141,0.9624472949421112,0.49161587511683236,0.9540510272587224
142,0.25178229582536416,0.4734717707805657,0.60617463445088
143,0.49724850589238545,0.17320186991001518,0.22864280550346272
144,0.30087830981676966,0.43385164923797304,0.6717006844058567
145,0.2848404943774676,0.39850473439737344,0.6181282404578958
146,0.036886947354532795,0.6158500980522165,0.3581627180328405
147,0.6095643339798968,0.6350936508676438,0.11355759219962902
148,0.5026790232288615,0.04530400977204452,0.6715731955927996
149,0.05147875124998935,0.3746126146264712,0.5203077009037933
150,0.27864646423661144,0.6258599157142364,0.7723183917356393
151,0.9082658859666537,0.5031362585800877,0.5201635011119934
152,0.23956189066697242,0.8564898411883223,0.8521815003185401
153,0.1448948720912231,0.658693631618945,0.5519068387744855
154,0.489452760277563,0.1629344270814297,0.5609379715353863
155,0.9856504541106007,0.07056874740042984,0.876653602658345
156,0.2420552715115004,0.6424192782063156,0.40348286621239704
157,0.6721355474058786,0.026511310541621813,0.13401522845064073
158,0.7616196153287176,0.5857755812734633,0.028782676313338973
159,0.23763754399239967,0.9402302414249576,0.755137255673619
160,0.7282163486118596,0.575474177875879,0.6203095513534647
161,0.3677831327192532,0.3881699262065219,0.7040797680992236
162,0.6323058305935795,0.6432882184423532,0.21296416150891073
163,0.6335297107608947,0.45825289049151663,0.13637147558676976
164,0.5357746840747585,0.5456167893159349,0.014544665667881929
165,0.0902897700544083,0.9414648087765252,0.350587558806597
166,0.835302495589238,0.38610263780077425,0.5899176868546331
167,0.32078006497173583,0.9611905638239142,0.3922440450997323
168,0.18651851039985423,0.9053506419560637,0.43747492202372906
169,0.040775141554763916,0.19579113478929644,0.9041586944937484
170,0.5908929431882418,0.06936130087516545,0.34825546702330035
171,0.6775643618422824,0.10077800137742665,0.5139894891598108
172,0.016587828927856152,0.018221825651549728,0.7836530127411431
173,0.512093058299281,0.0944429607559284,0.39654278232127016
174,0.22649577519793795,0.6830067734163568,0.6220867002278735
175,0.6451727904094499,0.07118864846022899,0.8623637087467452
176,0.17436642900499144,0.3189756302937613,0.9495206236576421
177,0.690937738102466,0.8448753109694546,0.14707348092903794
178,0.3867353463005374,0.023271935735825866,0.9265876251614944
179,0.9367299887367345,0.8144684825889358,0.4921162930795382
180,0.13752094414599325,0.28185477477339993,0.25824438829895835
181,0.3410663510502585,0.11816482762165625,0.4591357562382613
182,0.11347352124058907,0.6967371653641506,0.980032575285477
183,0.9246936182785628,0.628942846779884,0.4926180939928696
184,0.877339353380981,0.877472013527053,0.3287516102875082
185,0.2579416277151556,0.7350710438038858,0.6334008543167258
186,0.659984046034179,0.8034809303848486,0.24014561877819307
187,0.8172222002012158,0.2820345725713065,0.07586332810866392
188,0.5552008115994623,0.17743954377972282,0.12887972191064923
189,0.5296505783560065,0.7506147516408583,0.12804583895777244
190,0.24185229090045168,0.806834739267264,0.15190269351229435
191,0.09310276780589921,0.9905051420006733,0.13882717264941014
192,0.8972157579533268,0.4126176769114265,0.6408747448032146
193,0.9004180571633305,0.37201808579278317,0.18188008439914483
194,0.6331014572732679,0.7764129607419968,0.3456672833238632
195,0.3390297910487007,0.34080354025301784,0.8967884099060118
196,0.3492095746126609,0.9307573256035647,0.47396164026287235
197,0.7259556788702394,0.8584127518430118,0.6675577385210272
198,0.8971102599525771,0.42899402737501835,0.17231987120162984
199,0.8870864242651173,0.7508710677914974,0.19228901880867078
200,0.7798755458576239,0.7545428740846823,0.04086861626647886
