patient_id,gene1,gene2,gene3,condition1,condition2,condition3,lab1,lab2,lab3,age,gender,bmi,drug_response
1,0.3745401188473625,0.6420316461542878,0.1031238688359326,0,0,1,0.3745401188473625,0.6420316461542878,0.1031238688359326,58,0,23.053638603443936,0
2,0.9507143064099162,0.0841399649950488,0.9025529066795668,1,1,1,0.9507143064099162,0.0841399649950488,0.9025529066795668,71,0,24.856137535862267,1
3,0.7319939418114051,0.1616287140946137,0.5052523724478571,0,0,0,0.7319939418114051,0.1616287140946137,0.5052523724478571,48,0,24.48424142986247,0
4,0.5986584841970366,0.8985541885270792,0.8264574661077416,0,0,0,0.5986584841970366,0.8985541885270792,0.8264574661077416,34,1,29.944574626108206,0
5,0.1560186404424365,0.6064290596595899,0.3200496010306117,0,1,1,0.1560186404424365,0.6064290596595899,0.3200496010306117,62,1,21.75925252677345,0
6,0.1559945203362026,0.0091970516166296,0.8955232284962005,1,0,1,0.1559945203362026,0.0091970516166296,0.8955232284962005,27,1,20.18075363615521,1
7,0.0580836121681994,0.1014715428660321,0.3892016787341631,0,1,1,0.0580836121681994,0.1014715428660321,0.3892016787341631,40,1,24.938937151834345,0
8,0.8661761457749352,0.6635017691080558,0.0108376514802983,0,1,1,0.8661761457749352,0.6635017691080558,0.0108376514802983,58,0,21.788227092213287,0
9,0.6011150117432088,0.0050615838462186,0.9053819764192635,0,1,1,0.6011150117432088,0.0050615838462186,0.9053819764192635,77,1,23.6646878458286,0
10,0.7080725777960455,0.1608080514174986,0.0912866767861335,1,0,1,0.7080725777960455,0.1608080514174986,0.0912866767861335,38,0,27.441705230565624,1
11,0.0205844942958024,0.5487337893665861,0.3193136375904148,0,0,0,0.0205844942958024,0.5487337893665861,0.3193136375904148,42,0,27.209399242521293,0
12,0.9699098521619944,0.6918951976926933,0.9500619670508048,0,0,1,0.9699098521619944,0.6918951976926933,0.9500619670508048,30,1,23.08060791852389,0
13,0.8324426408004217,0.6519612595026005,0.950607146937556,0,0,1,0.8324426408004217,0.6519612595026005,0.950607146937556,30,1,25.425402305548992,0
14,0.2123391106782761,0.2242693094605597,0.5734378881232861,0,0,0,0.2123391106782761,0.2242693094605597,0.5734378881232861,43,1,25.0881407683876,0
15,0.1818249672071006,0.7121792213475359,0.6318372121697993,1,0,0,0.1818249672071006,0.7121792213475359,0.6318372121697993,72,1,26.36332618185895,1
16,0.1834045098534338,0.2372490874968,0.4484455219783197,0,0,0,0.1834045098534338,0.2372490874968,0.4484455219783197,55,1,22.504618186055843,0
17,0.3042422429595377,0.3253996981592677,0.2932107716980645,1,1,0,0.3042422429595377,0.3253996981592677,0.2932107716980645,59,1,25.89870847560544,1
18,0.5247564316322378,0.7464914051180241,0.3286645453699159,1,0,1,0.5247564316322378,0.7464914051180241,0.3286645453699159,43,1,29.78892858275009,1
19,0.4319450186421157,0.6496328990472147,0.6725184560770384,1,1,1,0.4319450186421157,0.6496328990472147,0.6725184560770384,22,1,24.86742152959455,1
20,0.2912291401980419,0.8492234104941779,0.75237452943768,0,0,1,0.2912291401980419,0.8492234104941779,0.75237452943768,41,0,29.06098787718554,0
21,0.6118528947223795,0.6576128923003434,0.7915790437258485,1,0,1,0.6118528947223795,0.6576128923003434,0.7915790437258485,72,1,24.343943655104287,1
22,0.1394938606520418,0.5683086033354716,0.7896181427945539,0,0,1,0.1394938606520418,0.5683086033354716,0.7896181427945539,21,1,23.50078407694676,0
23,0.2921446485352181,0.0936747678280924,0.0912061030486903,1,1,1,0.2921446485352181,0.0936747678280924,0.0912061030486903,43,0,26.451033620305648,1
24,0.3663618432936917,0.3677158030594335,0.4944203047025814,1,1,0,0.3663618432936917,0.3677158030594335,0.4944203047025814,63,1,26.689240596630995,1
25,0.4560699842170359,0.2652023676817254,0.0575587600166442,1,1,1,0.4560699842170359,0.2652023676817254,0.0575587600166442,49,0,28.64167565071903,1
26,0.7851759613930136,0.2439896433790835,0.5495288823237355,1,1,0,0.7851759613930136,0.2439896433790835,0.5495288823237355,57,0,22.301852682415557,1
27,0.1996737821583597,0.9730105547524456,0.441530501373377,1,0,0,0.1996737821583597,0.9730105547524456,0.441530501373377,21,1,24.991933798847523,1
28,0.5142344384136116,0.3930977246667604,0.8877041827582998,1,1,1,0.5142344384136116,0.3930977246667604,0.8877041827582998,79,0,25.72004199209183,1
29,0.5924145688620425,0.8920465551771133,0.3509150125520787,1,0,0,0.5924145688620425,0.8920465551771133,0.3509150125520787,40,0,27.68554014306309,1
30,0.0464504127199977,0.6311386259972629,0.1170670164276058,1,0,1,0.0464504127199977,0.6311386259972629,0.1170670164276058,52,0,20.436037717544338,1
31,0.6075448519014384,0.7948113035416484,0.1429916820528358,0,1,0,0.6075448519014384,0.7948113035416484,0.1429916820528358,31,0,29.94550510797341,0
32,0.1705241236872915,0.5026370931051921,0.7615106317174722,0,1,1,0.1705241236872915,0.5026370931051921,0.7615106317174722,77,1,24.69944513990943,0
33,0.0650515929852795,0.5769038846263591,0.6182180633162611,1,1,0,0.0650515929852795,0.5769038846263591,0.6182180633162611,41,0,22.795603417967584,1
34,0.9488855372533332,0.4925176938188639,0.1011226761227902,1,1,1,0.9488855372533332,0.4925176938188639,0.1011226761227902,63,1,28.83494022266259,1
35,0.9656320330745594,0.1952429877980445,0.0841068061149974,1,1,1,0.9656320330745594,0.1952429877980445,0.0841068061149974,44,0,27.477187738974138,1
36,0.8083973481164611,0.7224521152615053,0.70096913145912,0,1,1,0.8083973481164611,0.7224521152615053,0.70096913145912,68,0,29.53071847023953,0
37,0.3046137691733707,0.2807723624408558,0.0727630063641935,1,1,1,0.3046137691733707,0.2807723624408558,0.0727630063641935,46,0,23.307503046705136,1
38,0.0976721140063838,0.0243159664314538,0.8218600592903562,0,1,1,0.0976721140063838,0.0243159664314538,0.8218600592903562,78,0,25.527649668354897,0
39,0.6842330265121569,0.6454722959071678,0.7062422271564962,0,0,0,0.6842330265121569,0.6454722959071678,0.7062422271564962,61,1,25.722924691708386,0
40,0.4401524937396013,0.1771106794070489,0.0813487806418997,0,1,0,0.4401524937396013,0.1771106794070489,0.0813487806418997,47,1,29.80331583716045,0
41,0.1220382348447788,0.9404585843529144,0.0848377140851919,0,1,0,0.1220382348447788,0.9404585843529144,0.0848377140851919,79,0,20.753462560061283,0
42,0.4951769101112702,0.9539285770025874,0.9866395785011756,0,0,1,0.4951769101112702,0.9539285770025874,0.9866395785011756,35,0,23.05697019287182,0
43,0.0343885211152183,0.9148643902204484,0.3742707957561203,1,1,0,0.0343885211152183,0.9148643902204484,0.3742707957561203,34,1,21.90911031150346,1
44,0.909320402078782,0.3701587002554444,0.3706421470668909,1,0,1,0.909320402078782,0.3701587002554444,0.3706421470668909,66,0,22.68474856890157,1
45,0.2587799816000169,0.0154566165288674,0.8127995672575026,1,0,1,0.2587799816000169,0.0154566165288674,0.8127995672575026,70,0,24.85279874276316,1
46,0.662522284353982,0.9283185625877254,0.9472485773838588,1,1,0,0.662522284353982,0.9283185625877254,0.9472485773838588,63,0,23.72686867094049,1
47,0.3117110760894109,0.4281841483173143,0.9860010638228708,1,0,0,0.3117110760894109,0.4281841483173143,0.9860010638228708,74,1,23.94691466809472,1
48,0.5200680211778108,0.9666548190436696,0.7533781852589416,0,0,1,0.5200680211778108,0.9666548190436696,0.7533781852589416,71,1,28.442131407263112,0
49,0.5467102793432796,0.9636199770892528,0.3762595855309157,1,0,0,0.5467102793432796,0.9636199770892528,0.3762595855309157,76,1,29.30016834810832,1
50,0.184854455525527,0.8530094554673601,0.0835007166986687,1,0,1,0.184854455525527,0.8530094554673601,0.0835007166986687,22,0,20.70416130849544,1
51,0.9695846277645586,0.2944488920695857,0.7771469159274368,0,1,1,0.9695846277645586,0.2944488920695857,0.7771469159274368,56,0,22.0891871761536,0
52,0.7751328233611146,0.3850977286019252,0.558404249735805,1,0,1,0.7751328233611146,0.3850977286019252,0.558404249735805,70,1,26.711435168240502,1
53,0.9394989415641892,0.8511366715168569,0.4242220092469763,0,1,1,0.9394989415641892,0.8511366715168569,0.4242220092469763,26,1,23.58646781296164,0
54,0.8948273504276488,0.3169220051562776,0.906354385094736,1,0,1,0.8948273504276488,0.3169220051562776,0.906354385094736,40,1,22.54163649069739,1
55,0.5978999788110851,0.1694927466860925,0.1111974823061513,0,0,0,0.5978999788110851,0.1694927466860925,0.1111974823061513,28,1,22.952905884189388,0
56,0.9218742350231168,0.5568012624583502,0.4926251042908591,1,0,0,0.9218742350231168,0.5568012624583502,0.4926251042908591,58,0,23.22550764238601,1
57,0.0884925020519195,0.936154774160781,0.011353644767419,1,0,1,0.0884925020519195,0.936154774160781,0.011353644767419,37,1,28.486697949246743,1
58,0.1959828624191452,0.696029796674973,0.4686606419941262,0,1,1,0.1959828624191452,0.696029796674973,0.4686606419941262,23,0,21.36621331442029,0
59,0.045227288910538,0.570061170089365,0.0563032756818373,0,1,0,0.045227288910538,0.570061170089365,0.0563032756818373,44,1,27.089109969101187,0
60,0.3253303307632643,0.0971764937707685,0.1188179162680719,0,0,0,0.3253303307632643,0.0971764937707685,0.1188179162680719,79,0,25.52819976907908,0
61,0.388677289689482,0.6150072266991697,0.1175262467771048,0,0,1,0.388677289689482,0.6150072266991697,0.1175262467771048,33,1,22.965101436477987,0
62,0.2713490317738959,0.9900538501042632,0.6492103021160636,0,1,0,0.2713490317738959,0.9900538501042632,0.6492103021160636,69,1,24.197808564462765,0
63,0.8287375091519293,0.140084015236524,0.7460448792654233,0,0,1,0.8287375091519293,0.140084015236524,0.7460448792654233,77,1,22.56206943594458,0
64,0.3567533266935893,0.5183296523637367,0.5833687650971596,0,0,0,0.3567533266935893,0.5183296523637367,0.5833687650971596,28,1,26.115137108656803,0
65,0.2809345096873807,0.8773730719279554,0.962172548474542,0,0,1,0.2809345096873807,0.8773730719279554,0.962172548474542,45,0,20.815941804002403,0
66,0.5426960831582485,0.7407686177542044,0.374870579523704,1,1,0,0.5426960831582485,0.7407686177542044,0.374870579523704,72,1,20.05184862773987,1
67,0.1409242249747626,0.697015740995268,0.2857120862818607,1,1,1,0.1409242249747626,0.697015740995268,0.2857120862818607,21,0,26.27894414948636,1
68,0.8021969807540397,0.7024840839871093,0.8685991281894603,0,1,0,0.8021969807540397,0.7024840839871093,0.8685991281894603,39,0,21.942739535120424,0
69,0.0745506436797708,0.3594911512197551,0.2235958385194526,1,0,0,0.0745506436797708,0.3594911512197551,0.2235958385194526,47,0,20.70940916999928,1
70,0.9868869366005172,0.2935918442644933,0.9632225394406112,1,0,1,0.9868869366005172,0.2935918442644933,0.9632225394406112,66,0,23.967838272138884,1
71,0.7722447692966574,0.8093611554785136,0.0121544746898163,1,1,0,0.7722447692966574,0.8093611554785136,0.0121544746898163,79,1,20.50768531039397,1
72,0.1987156815341724,0.8101133946791808,0.969878826707639,1,1,1,0.1987156815341724,0.8101133946791808,0.969878826707639,26,0,28.8661714895066,1
73,0.0055221171236023,0.8670723185801037,0.0431599119505761,0,1,0,0.0055221171236023,0.8670723185801037,0.0431599119505761,63,0,20.27616771873705,0
74,0.8154614284548342,0.9132405525564712,0.8911431136980711,1,1,1,0.8154614284548342,0.9132405525564712,0.8911431136980711,27,0,25.788648955075587,1
75,0.7068573438476171,0.5113423988609378,0.5277011090862999,0,0,0,0.7068573438476171,0.5113423988609378,0.5277011090862999,66,1,24.38474123018087,0
76,0.7290071680409873,0.5015162946871996,0.9929647961193004,1,1,1,0.7290071680409873,0.5015162946871996,0.9929647961193004,54,1,26.720261352951997,1
77,0.7712703466859457,0.7982951789667752,0.0737965647353988,1,0,0,0.7712703466859457,0.7982951789667752,0.0737965647353988,33,1,23.28152667474732,1
78,0.0740446517340903,0.6499639307777652,0.5538542844013208,1,1,1,0.0740446517340903,0.6499639307777652,0.5538542844013208,36,1,21.55041616727744,1
79,0.3584657285442726,0.7019668772577033,0.969302535619099,0,0,0,0.3584657285442726,0.7019668772577033,0.969302535619099,55,0,29.818408883105317,0
80,0.1158690595251297,0.795792669436101,0.5230978441701488,1,1,1,0.1158690595251297,0.795792669436101,0.5230978441701488,69,0,28.389335020693636,1
81,0.8631034258755935,0.8900053418175663,0.6293986381352625,0,1,1,0.8631034258755935,0.8900053418175663,0.6293986381352625,59,1,28.60404618311675,0
82,0.6232981268275579,0.3379951568515358,0.6957486889846172,1,1,1,0.6232981268275579,0.3379951568515358,0.6957486889846172,23,0,22.50251360515864,1
83,0.3308980248526492,0.375582952639944,0.4545410647677732,0,1,0,0.3308980248526492,0.375582952639944,0.4545410647677732,21,0,20.388347344294232,0
84,0.0635583502860236,0.093981939840869,0.6275580800840634,1,0,1,0.0635583502860236,0.093981939840869,0.6275580800840634,25,0,23.03265514673223,1
85,0.3109823217156622,0.578280140996174,0.5843143119231002,0,1,0,0.3109823217156622,0.578280140996174,0.5843143119231002,73,1,25.370824271966555,0
86,0.325183322026747,0.035942273796742,0.901158010490989,0,0,1,0.325183322026747,0.035942273796742,0.901158010490989,61,1,23.26651241796041,0
87,0.7296061783380641,0.4655980181324601,0.0454463803414578,1,0,0,0.7296061783380641,0.4655980181324601,0.0454463803414578,23,0,28.278690037875887,1
88,0.6375574713552131,0.5426446347075766,0.2809631895922303,0,0,1,0.6375574713552131,0.5426446347075766,0.2809631895922303,73,1,22.71542915819742,0
89,0.8872127425763265,0.2865412521282844,0.9504114840765588,1,0,0,0.8872127425763265,0.2865412521282844,0.9504114840765588,48,1,29.652518303907694,1
90,0.4722149251619493,0.5908332605690108,0.8902637838909163,1,1,0,0.4722149251619493,0.5908332605690108,0.8902637838909163,37,1,24.57265161613729,1
91,0.1195942459383017,0.0305002499390494,0.4556567527857129,1,0,1,0.1195942459383017,0.0305002499390494,0.4556567527857129,45,1,28.420230750119813,1
92,0.713244787222995,0.0373481887492144,0.6201325978015367,1,0,0,0.713244787222995,0.0373481887492144,0.6201325978015367,63,1,21.94380033994873,1
93,0.7607850486168974,0.8226005606596583,0.2773811829811327,1,0,0,0.7607850486168974,0.8226005606596583,0.2773811829811327,53,0,24.113539050566786,1
94,0.5612771975694962,0.3601906414112629,0.1881211597237613,1,1,1,0.5612771975694962,0.3601906414112629,0.1881211597237613,29,1,26.99512210767194,1
95,0.770967179954561,0.1270605126518847,0.4636984049399821,1,1,0,0.770967179954561,0.1270605126518847,0.4636984049399821,55,0,21.38353092417801,1
96,0.4937955963643907,0.5222432600548044,0.3533522280260528,1,1,0,0.4937955963643907,0.5222432600548044,0.3533522280260528,33,0,21.327454222429697,1
97,0.5227328293819941,0.7699935530986108,0.5836561118508721,1,1,0,0.5227328293819941,0.7699935530986108,0.5836561118508721,50,1,29.69536867114159,1
98,0.4275410183585496,0.2158210274968431,0.0777346369649848,1,0,1,0.4275410183585496,0.2158210274968431,0.0777346369649848,67,0,27.14595104179952,1
99,0.0254191267440951,0.6228904758190003,0.9743948076661664,1,0,0,0.0254191267440951,0.6228904758190003,0.9743948076661664,34,0,20.41067516767876,1
100,0.1078914269933044,0.085347464993768,0.9862107444796028,0,1,1,0.1078914269933044,0.085347464993768,0.9862107444796028,27,0,23.988209014447943,0
101,0.0314291856867342,0.0516817211686077,0.6981617140197451,0,0,0,0.0314291856867342,0.0516817211686077,0.6981617140197451,33,1,24.33520737580742,0
102,0.6364104112637804,0.531354631568148,0.5360963663441204,1,0,0,0.6364104112637804,0.531354631568148,0.5360963663441204,42,1,27.44042642999116,1
103,0.3143559810763267,0.5406351216101065,0.3095276162863277,1,0,0,0.3143559810763267,0.5406351216101065,0.3095276162863277,79,0,22.50860527346661,1
104,0.5085706911647028,0.6374299014982066,0.8137950197069487,1,1,1,0.5085706911647028,0.6374299014982066,0.8137950197069487,76,1,21.8433367433137,1
105,0.907566473926093,0.7260913337226615,0.6847311725538793,1,1,0,0.907566473926093,0.7260913337226615,0.6847311725538793,59,1,20.808729666171978,1
106,0.2492922291488749,0.9758520794625346,0.1626169393448913,1,0,0,0.2492922291488749,0.9758520794625346,0.1626169393448913,40,1,24.28314474940108,1
107,0.4103829230356297,0.5163003483011953,0.9109271844938424,1,1,1,0.4103829230356297,0.5163003483011953,0.9109271844938424,35,1,26.884999007653665,1
108,0.7555511385430487,0.3229564729412459,0.822537242923169,1,1,0,0.7555511385430487,0.3229564729412459,0.822537242923169,64,0,20.58193595508444,1
109,0.2287981654916224,0.7951861947687037,0.949799913291924,1,1,1,0.2287981654916224,0.7951861947687037,0.949799913291924,37,0,29.152137276264803,1
110,0.0769799098287929,0.2708322512620742,0.72571950838836,0,1,1,0.0769799098287929,0.2708322512620742,0.72571950838836,66,1,24.423522297311045,0
111,0.289751452913768,0.4389714207056361,0.6134151959357899,1,1,0,0.289751452913768,0.4389714207056361,0.6134151959357899,72,1,22.397873591574037,1
112,0.1612212872540044,0.0784563813422659,0.4182430362906189,0,0,1,0.1612212872540044,0.0784563813422659,0.4182430362906189,43,0,20.93873290081292,0
113,0.9296976523425732,0.0253507434154575,0.9327284833540131,1,1,0,0.9296976523425732,0.0253507434154575,0.9327284833540131,45,0,21.828659971073076,1
114,0.808120379564417,0.9626484146779252,0.8660638895004084,1,0,1,0.808120379564417,0.9626484146779252,0.8660638895004084,44,1,29.346139973397097,1
115,0.6334037565104235,0.8359801205122058,0.0452186701061894,0,0,1,0.6334037565104235,0.8359801205122058,0.0452186701061894,79,0,26.382705938433503,0
116,0.8714605901877177,0.695974206093698,0.026366974497252,1,1,0,0.8714605901877177,0.695974206093698,0.026366974497252,79,1,25.166962574265668,1
117,0.8036720768991145,0.4089529444142699,0.3764633668780496,0,0,1,0.8036720768991145,0.4089529444142699,0.3764633668780496,79,1,26.57111328500167,0
118,0.1865700588860358,0.1732943200708457,0.8105533307818329,1,0,1,0.1865700588860358,0.1732943200708457,0.8105533307818329,64,0,24.35672898677891,1
119,0.8925589984899778,0.156437042671086,0.9872761293149444,1,0,1,0.8925589984899778,0.156437042671086,0.9872761293149444,60,0,27.300393165618186,1
120,0.5393422419156507,0.2502428981645953,0.1504168911035281,0,1,1,0.5393422419156507,0.2502428981645953,0.1504168911035281,48,1,20.477161276916487,0
121,0.8074401551640625,0.5492266647061205,0.5941307153521351,1,1,1,0.8074401551640625,0.5492266647061205,0.5941307153521351,34,1,25.66037210494076,1
122,0.8960912999234932,0.7145959227000623,0.3808908566310215,0,0,0,0.8960912999234932,0.7145959227000623,0.3808908566310215,64,0,21.58646447642491,0
123,0.3180034749718639,0.6601973767177313,0.9699143978146032,1,1,1,0.3180034749718639,0.6601973767177313,0.9699143978146032,20,1,21.20164647805642,1
124,0.1100519245276767,0.2799338969459428,0.8421189231357087,0,1,0,0.1100519245276767,0.2799338969459428,0.8421189231357087,44,0,23.418796667164017,0
125,0.2279351625419416,0.954865280663194,0.8383287047111379,0,1,1,0.2279351625419416,0.954865280663194,0.8383287047111379,26,1,20.917990658134418,0
126,0.4271077886262563,0.7378969166957685,0.4686931597949703,1,1,0,0.4271077886262563,0.7378969166957685,0.4686931597949703,28,0,20.9415698826856,1
127,0.8180147659224931,0.5543540525114007,0.4148195023376652,1,0,0,0.8180147659224931,0.5543540525114007,0.4148195023376652,43,0,23.11413309391294,1
128,0.8607305832563434,0.6117207462343522,0.2734070719307062,0,0,1,0.8607305832563434,0.6117207462343522,0.2734070719307062,20,0,29.795105286215083,0
129,0.0069521305311907,0.4196000624277899,0.0563754966509271,1,1,1,0.0069521305311907,0.4196000624277899,0.0563754966509271,63,1,21.753302698893386,1
130,0.5107473025775657,0.2477309895011574,0.8647223762550532,1,1,1,0.5107473025775657,0.2477309895011574,0.8647223762550532,27,1,20.171611018317503,1
131,0.417411003148779,0.3559726786512616,0.8129010091300776,1,0,0,0.417411003148779,0.3559726786512616,0.8129010091300776,43,0,27.63364423003911,1
132,0.2221078104707302,0.7578461104643691,0.9997176732861306,0,0,1,0.2221078104707302,0.7578461104643691,0.9997176732861306,30,1,28.069129770507796,0
133,0.1198653673336828,0.0143934886297558,0.9966368370739054,0,1,0,0.1198653673336828,0.0143934886297558,0.9966368370739054,70,0,23.463043210894007,0
134,0.3376151714036279,0.1160726405069162,0.5554317056026274,0,0,0,0.3376151714036279,0.1160726405069162,0.5554317056026274,36,0,24.646738129396116,0
135,0.9429097039125192,0.0460026420217527,0.7689874151805105,0,1,0,0.9429097039125192,0.0460026420217527,0.7689874151805105,27,1,26.497736826427637,0
136,0.3232029320207552,0.0407288023189701,0.944765729882428,0,1,1,0.3232029320207552,0.0407288023189701,0.944765729882428,54,1,20.480589241970332,0
137,0.5187906217433661,0.8554605840110072,0.8496473906774115,0,0,1,0.5187906217433661,0.8554605840110072,0.8496473906774115,54,0,29.49145731591386,0
138,0.7030189588951778,0.7036578593800237,0.2473481017431976,0,0,0,0.7030189588951778,0.7036578593800237,0.2473481017431976,52,1,28.86680387298048,0
139,0.363629602379294,0.4741738290873252,0.4505441353100935,0,1,0,0.363629602379294,0.4741738290873252,0.4505441353100935,78,1,22.60893623341714,0
140,0.9717820827209608,0.0978341606510014,0.1291594151514949,0,1,1,0.9717820827209608,0.0978341606510014,0.1291594151514949,24,0,20.15304540290385,0
141,0.9624472949421112,0.4916158751168323,0.9540510272587224,1,0,0,0.9624472949421112,0.4916158751168323,0.9540510272587224,61,0,29.33436308079483,1
142,0.2517822958253641,0.4734717707805657,0.60617463445088,0,1,1,0.2517822958253641,0.4734717707805657,0.60617463445088,58,1,25.010398839152597,0
143,0.4972485058923854,0.1732018699100151,0.2286428055034627,1,0,0,0.4972485058923854,0.1732018699100151,0.2286428055034627,77,0,25.393774484000623,1
144,0.3008783098167696,0.433851649237973,0.6717006844058567,1,1,1,0.3008783098167696,0.433851649237973,0.6717006844058567,60,0,26.83963769398141,1
145,0.2848404943774676,0.3985047343973734,0.6181282404578958,1,0,0,0.2848404943774676,0.3985047343973734,0.6181282404578958,47,1,26.15851164389914,1
146,0.0368869473545327,0.6158500980522165,0.3581627180328405,0,0,1,0.0368869473545327,0.6158500980522165,0.3581627180328405,26,0,29.43891604560757,0
147,0.6095643339798968,0.6350936508676438,0.113557592199629,0,0,0,0.6095643339798968,0.6350936508676438,0.113557592199629,28,0,29.442515971251677,0
148,0.5026790232288615,0.0453040097720445,0.6715731955927996,0,1,1,0.5026790232288615,0.0453040097720445,0.6715731955927996,27,1,28.67198933555004,0
149,0.0514787512499893,0.3746126146264712,0.5203077009037933,0,1,1,0.0514787512499893,0.3746126146264712,0.5203077009037933,31,1,26.364035974460112,0
150,0.2786464642366114,0.6258599157142364,0.7723183917356393,1,0,0,0.2786464642366114,0.6258599157142364,0.7723183917356393,53,0,28.009492946824,1
151,0.9082658859666536,0.5031362585800877,0.5201635011119934,0,1,0,0.9082658859666536,0.5031362585800877,0.5201635011119934,52,0,26.771683423829817,0
152,0.2395618906669724,0.8564898411883223,0.8521815003185401,0,0,1,0.2395618906669724,0.8564898411883223,0.8521815003185401,67,1,25.73367041671933,0
153,0.1448948720912231,0.658693631618945,0.5519068387744855,0,0,0,0.1448948720912231,0.658693631618945,0.5519068387744855,74,1,21.2850035323391,0
154,0.489452760277563,0.1629344270814297,0.5609379715353863,0,1,1,0.489452760277563,0.1629344270814297,0.5609379715353863,42,1,28.11204176736003,0
155,0.9856504541106008,0.0705687474004298,0.876653602658345,0,1,0,0.9856504541106008,0.0705687474004298,0.876653602658345,43,1,28.206394757439558,0
156,0.2420552715115004,0.6424192782063156,0.403482866212397,1,0,1,0.2420552715115004,0.6424192782063156,0.403482866212397,56,0,26.259396701015728,1
157,0.6721355474058786,0.0265113105416218,0.1340152284506407,0,1,1,0.6721355474058786,0.0265113105416218,0.1340152284506407,54,1,28.20426843771268,0
158,0.7616196153287176,0.5857755812734633,0.0287826763133389,1,1,1,0.7616196153287176,0.5857755812734633,0.0287826763133389,63,1,26.51484771857788,1
159,0.2376375439923996,0.9402302414249576,0.755137255673619,0,0,1,0.2376375439923996,0.9402302414249576,0.755137255673619,59,0,22.066843598767456,0
160,0.7282163486118596,0.575474177875879,0.6203095513534647,1,0,1,0.7282163486118596,0.575474177875879,0.6203095513534647,41,1,22.739611273211334,1
161,0.3677831327192532,0.3881699262065219,0.7040797680992236,0,1,1,0.3677831327192532,0.3881699262065219,0.7040797680992236,46,0,22.145891197083746,0
162,0.6323058305935795,0.6432882184423532,0.2129641615089107,0,0,0,0.6323058305935795,0.6432882184423532,0.2129641615089107,54,1,23.77259083227976,0
163,0.6335297107608947,0.4582528904915166,0.1363714755867697,1,0,0,0.6335297107608947,0.4582528904915166,0.1363714755867697,20,1,20.389631323102336,1
164,0.5357746840747585,0.5456167893159349,0.0145446656678819,1,1,0,0.5357746840747585,0.5456167893159349,0.0145446656678819,54,1,26.18253884337893,1
165,0.0902897700544083,0.9414648087765252,0.350587558806597,1,0,1,0.0902897700544083,0.9414648087765252,0.350587558806597,56,0,23.365542148887265,1
166,0.835302495589238,0.3861026378007742,0.5899176868546331,0,0,1,0.835302495589238,0.3861026378007742,0.5899176868546331,66,0,26.557226353807422,0
167,0.3207800649717358,0.9611905638239142,0.3922440450997323,1,1,1,0.3207800649717358,0.9611905638239142,0.3922440450997323,33,1,23.85396620965565,1
168,0.1865185103998542,0.9053506419560636,0.437474922023729,0,1,1,0.1865185103998542,0.9053506419560636,0.437474922023729,22,0,26.816136689727895,0
169,0.0407751415547639,0.1957911347892964,0.9041586944937484,0,0,0,0.0407751415547639,0.1957911347892964,0.9041586944937484,20,0,23.4062456946424,0
170,0.5908929431882418,0.0693613008751654,0.3482554670233003,1,0,0,0.5908929431882418,0.0693613008751654,0.3482554670233003,24,0,22.606945282359032,1
171,0.6775643618422824,0.1007780013774266,0.5139894891598108,1,1,1,0.6775643618422824,0.1007780013774266,0.5139894891598108,45,0,24.960374542934066,1
172,0.0165878289278561,0.0182218256515497,0.7836530127411431,0,1,0,0.0165878289278561,0.0182218256515497,0.7836530127411431,74,0,26.928903586919397,0
173,0.512093058299281,0.0944429607559284,0.3965427823212701,0,1,0,0.512093058299281,0.0944429607559284,0.3965427823212701,33,0,23.483366044531973,0
174,0.2264957751979379,0.6830067734163568,0.6220867002278735,1,1,1,0.2264957751979379,0.6830067734163568,0.6220867002278735,58,1,29.366481518557077,1
175,0.6451727904094499,0.0711886484602289,0.8623637087467452,1,0,0,0.6451727904094499,0.0711886484602289,0.8623637087467452,46,1,20.391863266756463,1
176,0.1743664290049914,0.3189756302937613,0.949520623657642,1,1,1,0.1743664290049914,0.3189756302937613,0.949520623657642,28,0,24.179460317155787,1
177,0.690937738102466,0.8448753109694546,0.1470734809290379,0,1,0,0.690937738102466,0.8448753109694546,0.1470734809290379,34,1,29.67580551520248,0
178,0.3867353463005374,0.0232719357358258,0.9265876251614944,0,0,1,0.3867353463005374,0.0232719357358258,0.9265876251614944,34,1,25.479718832480877,0
179,0.9367299887367344,0.8144684825889358,0.4921162930795382,0,1,1,0.9367299887367344,0.8144684825889358,0.4921162930795382,45,1,24.234709423081185,0
180,0.1375209441459932,0.2818547747733999,0.2582443882989583,0,0,1,0.1375209441459932,0.2818547747733999,0.2582443882989583,61,1,25.68520283749958,0
181,0.3410663510502585,0.1181648276216562,0.4591357562382613,0,1,1,0.3410663510502585,0.1181648276216562,0.4591357562382613,79,0,25.75924575258085,0
182,0.113473521240589,0.6967371653641506,0.980032575285477,0,1,0,0.113473521240589,0.6967371653641506,0.980032575285477,32,1,27.316477552996403,0
183,0.9246936182785628,0.628942846779884,0.4926180939928696,1,1,1,0.9246936182785628,0.628942846779884,0.4926180939928696,70,1,21.276897294224657,1
184,0.877339353380981,0.877472013527053,0.3287516102875082,0,0,1,0.877339353380981,0.877472013527053,0.3287516102875082,51,0,22.500164492161048,0
185,0.2579416277151556,0.7350710438038858,0.6334008543167258,0,0,1,0.2579416277151556,0.7350710438038858,0.6334008543167258,58,0,25.805440123439094,0
186,0.659984046034179,0.8034809303848486,0.240145618778193,0,1,0,0.659984046034179,0.8034809303848486,0.240145618778193,68,1,28.671166072097225,0
187,0.8172222002012158,0.2820345725713065,0.0758633281086639,1,0,1,0.8172222002012158,0.2820345725713065,0.0758633281086639,71,1,25.618666921437736,1
188,0.5552008115994623,0.1774395437797228,0.1288797219106492,0,0,0,0.5552008115994623,0.1774395437797228,0.1288797219106492,51,1,22.3859685979034,0
189,0.5296505783560065,0.7506147516408583,0.1280458389577724,0,0,1,0.5296505783560065,0.7506147516408583,0.1280458389577724,23,1,26.79844779900246,0
190,0.2418522909004516,0.806834739267264,0.1519026935122943,1,0,0,0.2418522909004516,0.806834739267264,0.1519026935122943,49,1,27.399087604473745,1
191,0.0931027678058992,0.9905051420006732,0.1388271726494101,0,0,0,0.0931027678058992,0.9905051420006732,0.1388271726494101,56,1,22.382361524039798,0
192,0.8972157579533268,0.4126176769114265,0.6408747448032146,0,0,1,0.8972157579533268,0.4126176769114265,0.6408747448032146,42,0,23.777288861762948,0
193,0.9004180571633305,0.3720180857927831,0.1818800843991448,0,1,0,0.9004180571633305,0.3720180857927831,0.1818800843991448,58,1,25.343274735305634,0
194,0.6331014572732679,0.7764129607419968,0.3456672833238632,0,1,1,0.6331014572732679,0.7764129607419968,0.3456672833238632,64,1,24.965611906830777,0
195,0.3390297910487007,0.3408035402530178,0.8967884099060118,0,0,1,0.3390297910487007,0.3408035402530178,0.8967884099060118,34,0,23.896180862192036,0
196,0.3492095746126609,0.9307573256035648,0.4739616402628723,1,1,1,0.3492095746126609,0.9307573256035648,0.4739616402628723,62,0,22.97635174509311,1
197,0.7259556788702394,0.8584127518430118,0.6675577385210272,1,1,0,0.7259556788702394,0.8584127518430118,0.6675577385210272,48,0,20.999848871618635,1
198,0.8971102599525771,0.4289940273750183,0.1723198712016298,1,1,0,0.8971102599525771,0.4289940273750183,0.1723198712016298,55,0,20.53485296747369,1
199,0.8870864242651173,0.7508710677914974,0.1922890188086707,0,1,1,0.8870864242651173,0.7508710677914974,0.1922890188086707,32,1,29.585414968831984,0
200,0.7798755458576239,0.7545428740846823,0.0408686162664788,0,0,1,0.7798755458576239,0.7545428740846823,0.0408686162664788,51,1,28.471431440955897,0
